epoch,time,train/box_loss,train/pose_loss,train/kobj_loss,train/cls_loss,train/dfl_loss,metrics/precision(B),metrics/recall(B),metrics/mAP50(B),metrics/mAP50-95(B),metrics/precision(P),metrics/recall(P),metrics/mAP50(P),metrics/mAP50-95(P),val/box_loss,val/pose_loss,val/kobj_loss,val/cls_loss,val/dfl_loss,lr/pg0,lr/pg1,lr/pg2
1,1.2648,3.22569,9.01228,1.85723,5.80008,3.30633,0,0,0,0,0,0,0,0,4.02211,5.81058,0.79165,7.03978,4.26385,0,0,0
2,1.61754,2.90108,3.38563,0.70715,7.44105,3.16064,0,0,0,0,0,0,0,0,4.02211,5.81058,0.79165,7.03978,4.26385,0.000653467,0.000653467,0.000653467
3,1.99074,2.98602,8.31413,1.15833,7.02432,3.14705,0,0,0,0,0,0,0,0,4.02211,5.81058,0.79165,7.03978,4.26385,0.00128053,0.00128053,0.00128053
4,2.32732,2.88981,0,0.14535,4.97572,2.43595,0,0,0,0,0,0,0,0,3.82104,6.30293,0.89004,7.26508,4.04767,0.0018812,0.0018812,0.0018812
5,2.65597,3.52597,9.32839,0.70538,7.60693,3.20031,0,0,0,0,0,0,0,0,3.82104,6.30293,0.89004,7.26508,4.04767,0.0018416,0.0018416,0.0018416
6,2.98614,3.47843,9.32319,1.34444,6.74618,3.16098,0,0,0,0,0,0,0,0,3.82104,6.30293,0.89004,7.26508,4.04767,0.001802,0.001802,0.001802
7,3.30924,3.19792,4.81231,0.75154,6.1302,2.61876,0,0,0,0,0,0,0,0,3.84832,6.69166,0.87362,6.85583,3.90821,0.0017624,0.0017624,0.0017624
8,3.62001,3.00621,8.9524,1.73018,6.06087,3.0405,0,0,0,0,0,0,0,0,3.84832,6.69166,0.87362,6.85583,3.90821,0.0017228,0.0017228,0.0017228
9,3.92111,3.11541,9.02752,1.46213,6.54526,2.87824,0,0,0,0,0,0,0,0,3.84832,6.69166,0.87362,6.85583,3.90821,0.0016832,0.0016832,0.0016832
10,4.27642,3.62438,11.2257,1.7128,4.90806,3.09321,0,0,0,0,0,0,0,0,4.07067,7.5215,0.7895,6.24817,3.71677,0.0016436,0.0016436,0.0016436
11,4.56037,4.10761,0,0.06576,4.85153,3.70204,0,0,0,0,0,0,0,0,4.07067,7.5215,0.7895,6.24817,3.71677,0.001604,0.001604,0.001604
12,4.88876,2.60804,7.8815,1.17434,7.16677,3.38342,0,0,0,0,0,0,0,0,4.07067,7.5215,0.7895,6.24817,3.71677,0.0015644,0.0015644,0.0015644
13,5.245,2.28392,7.60758,1.23529,9.04345,2.66856,0,0,0,0,0,0,0,0,4.1955,8.63967,0.73111,6.06779,3.61346,0.0015248,0.0015248,0.0015248
14,5.51919,4.1394,11.6177,2.18817,7.25073,3.48587,0,0,0,0,0,0,0,0,4.1955,8.63967,0.73111,6.06779,3.61346,0.0014852,0.0014852,0.0014852
15,5.80899,2.50809,0,0.07624,5.17572,2.21243,0,0,0,0,0,0,0,0,4.1955,8.63967,0.73111,6.06779,3.61346,0.0014456,0.0014456,0.0014456
16,6.10835,3.57239,9.14306,0.88862,7.77894,3.37736,0,0,0,0,0,0,0,0,4.17896,8.5468,0.68522,5.96734,3.61018,0.001406,0.001406,0.001406
17,6.39855,2.498,7.81554,1.48983,6.86916,3.10771,0,0,0,0,0,0,0,0,4.17896,8.5468,0.68522,5.96734,3.61018,0.0013664,0.0013664,0.0013664
18,6.71395,1.67863,0,0.15843,7.74926,1.81651,0,0,0,0,0,0,0,0,4.17896,8.5468,0.68522,5.96734,3.61018,0.0013268,0.0013268,0.0013268
19,7.04686,3.08862,3.35673,0.55872,6.78819,2.97854,0,0,0,0,0,0,0,0,4.15198,8.43197,0.62826,6.18145,3.60642,0.0012872,0.0012872,0.0012872
20,7.32164,2.7871,9.20956,0.69797,8.55978,3.28504,0,0,0,0,0,0,0,0,4.15198,8.43197,0.62826,6.18145,3.60642,0.0012476,0.0012476,0.0012476
21,7.61774,3.71705,9.70213,1.50008,6.90907,3.38266,0,0,0,0,0,0,0,0,4.15198,8.43197,0.62826,6.18145,3.60642,0.001208,0.001208,0.001208
22,8.0131,2.97757,8.22909,1.2224,6.91317,3.06558,0,0,0,0,0,0,0,0,4.1137,8.32424,0.5656,6.31767,3.61199,0.0011684,0.0011684,0.0011684
23,8.29419,1.91441,9.89796,1.52469,8.48946,2.36045,0,0,0,0,0,0,0,0,4.1137,8.32424,0.5656,6.31767,3.61199,0.0011288,0.0011288,0.0011288
24,8.62123,3.30588,4.90571,0.91741,5.65042,2.94542,0,0,0,0,0,0,0,0,4.1137,8.32424,0.5656,6.31767,3.61199,0.0010892,0.0010892,0.0010892
25,8.94767,2.69167,8.51487,0.52043,9.1715,3.23037,0,0,0,0,0,0,0,0,4.11544,8.6824,0.48768,6.26573,3.57376,0.0010496,0.0010496,0.0010496
26,9.26358,3.61389,8.9751,1.16198,7.77039,3.38111,0,0,0,0,0,0,0,0,4.11544,8.6824,0.48768,6.26573,3.57376,0.00101,0.00101,0.00101
27,9.55873,3.17809,9.08722,1.03314,8.92782,3.34595,0,0,0,0,0,0,0,0,4.11544,8.6824,0.48768,6.26573,3.57376,0.0009704,0.0009704,0.0009704
28,9.815,0,0,0,8.59272,0,0,0,0,0,0,0,0,0,4.108,8.48683,0.4784,5.99411,3.56313,0.0009308,0.0009308,0.0009308
29,10.2157,4.15246,10.2957,1.51347,5.89401,4.27626,0,0,0,0,0,0,0,0,4.108,8.48683,0.4784,5.99411,3.56313,0.0008912,0.0008912,0.0008912
30,10.5414,2.43255,10.0796,1.09202,7.7854,2.90091,0,0,0,0,0,0,0,0,4.108,8.48683,0.4784,5.99411,3.56313,0.0008516,0.0008516,0.0008516
31,10.8949,3.12587,9.63072,0.85078,8.41223,3.41124,0,0,0,0,0,0,0,0,4.17631,8.74232,0.51731,5.41775,3.58705,0.000812,0.000812,0.000812
32,11.1768,3.19645,10.0951,1.78105,5.41739,2.74593,0,0,0,0,0,0,0,0,4.17631,8.74232,0.51731,5.41775,3.58705,0.0007724,0.0007724,0.0007724
33,11.4597,2.68376,9.55467,1.56628,6.67375,2.36198,0,0,0,0,0,0,0,0,4.17631,8.74232,0.51731,5.41775,3.58705,0.0007328,0.0007328,0.0007328
34,11.8061,2.91339,3.94605,0.77668,5.62579,2.92159,0,0,0,0,0,0,0,0,4.19285,8.6753,0.58231,5.29741,3.60201,0.0006932,0.0006932,0.0006932
35,12.1099,2.29517,0,0.13667,10.4701,2.59915,0,0,0,0,0,0,0,0,4.19285,8.6753,0.58231,5.29741,3.60201,0.0006536,0.0006536,0.0006536
36,12.4296,2.57307,0,0.12799,5.30983,2.18021,0,0,0,0,0,0,0,0,4.19285,8.6753,0.58231,5.29741,3.60201,0.000614,0.000614,0.000614
37,12.837,2.96776,4.09442,0.49964,7.51021,3.18525,0,0,0,0,0,0,0,0,3.72691,6.77921,0.42158,5.79852,4.15524,0.0005744,0.0005744,0.0005744
38,13.1618,3.63361,9.72022,1.26,7.2847,3.19482,0,0,0,0,0,0,0,0,3.72691,6.77921,0.42158,5.79852,4.15524,0.0005348,0.0005348,0.0005348
39,13.4418,2.88812,0,0.08139,3.02414,2.1651,0,0,0,0,0,0,0,0,3.72691,6.77921,0.42158,5.79852,4.15524,0.0004952,0.0004952,0.0004952
40,13.7215,0,0,0,5.5544,0,0,0,0,0,0,0,0,0,4.13247,8.51882,0.24181,5.83111,3.5433,0.0004556,0.0004556,0.0004556
41,14.0296,4.57879,9.13921,0.50115,5.51548,3.66092,0,0,0,0,0,0,0,0,4.13247,8.51882,0.24181,5.83111,3.5433,0.000416,0.000416,0.000416
42,14.3524,3.92366,9.69185,0.39553,6.03757,3.08449,0,0,0,0,0,0,0,0,4.13247,8.51882,0.24181,5.83111,3.5433,0.0003764,0.0003764,0.0003764
43,14.7202,4.71702,9.01918,0.63129,5.10462,4.12626,0,0,0,0,0,0,0,0,3.9264,8.6433,0.24962,3.58659,3.32999,0.0003368,0.0003368,0.0003368
44,15.0176,3.10247,7.52594,0.36965,3.44223,3.36184,0,0,0,0,0,0,0,0,3.9264,8.6433,0.24962,3.58659,3.32999,0.0002972,0.0002972,0.0002972
45,15.3376,3.15022,8.14874,0.25961,3.17013,2.71764,0,0,0,0,0,0,0,0,3.9264,8.6433,0.24962,3.58659,3.32999,0.0002576,0.0002576,0.0002576
46,15.6321,2.01344,9.0257,0.31664,3.31008,2.63273,0.0036,1,0.01716,0.00858,0,0,0,0,2.44105,7.56485,0.2165,4.09803,2.63103,0.000218,0.000218,0.000218
47,15.9713,3.93517,8.8264,0.20909,2.55048,2.72456,0.0036,1,0.01716,0.00858,0,0,0,0,2.44105,7.56485,0.2165,4.09803,2.63103,0.0001784,0.0001784,0.0001784
48,16.2647,4.17629,9.26729,0.33063,2.88183,3.14517,0.0036,1,0.01716,0.00858,0,0,0,0,2.44105,7.56485,0.2165,4.09803,2.63103,0.0001388,0.0001388,0.0001388
49,16.5841,2.19062,7.40127,1.69426,6.45405,2.87948,0.00333,1,0.00957,0.00599,0,0,0,0,1.83607,7.82512,0.31749,6.25557,2.48798,9.92e-05,9.92e-05,9.92e-05
50,16.8575,4.0651,9.3083,0.19903,2.71896,2.76664,0.00333,1,0.00957,0.00599,0,0,0,0,1.83607,7.82512,0.31749,6.25557,2.48798,5.96e-05,5.96e-05,5.96e-05
